Site Code,Lake,Depth,Date,Julian Day,Active chl a (ug/L),Pprod (mg available C/m3/d)
100,Toolik,0,02-Jul-75,75183,.,14.05
100,Toolik,1,02-Jul-75,75183,.,12.45
100,Toolik,3,02-Jul-75,75183,.,30.1
100,Toolik,5,02-Jul-75,75183,.,9.5
100,Toolik,8,02-Jul-75,75183,.,9.1
100,Toolik,12,02-Jul-75,75183,.,15.33
100,Toolik,16,02-Jul-75,75183,.,1.41
100,Toolik,0,13-Jul-75,75194,.,2.05
100,Toolik,1,13-Jul-75,75194,.,1.98
100,Toolik,3,13-Jul-75,75194,.,2.48
100,Toolik,5,13-Jul-75,75194,.,.
100,Toolik,8,13-Jul-75,75194,.,3.11
100,Toolik,12,13-Jul-75,75194,.,2.55
100,Toolik,16,13-Jul-75,75194,.,1.07
100,Toolik,0,20-Jul-75,75201,.,1.84
100,Toolik,1,20-Jul-75,75201,.,3.97
100,Toolik,3,20-Jul-75,75201,.,2.91
100,Toolik,5,20-Jul-75,75201,.,1.21
100,Toolik,8,20-Jul-75,75201,.,1.89
100,Toolik,12,20-Jul-75,75201,.,.
100,Toolik,16,20-Jul-75,75201,.,.
100,Toolik,0,25-Jul-75,75206,.,14.41
100,Toolik,1,25-Jul-75,75206,.,15.51
100,Toolik,3,25-Jul-75,75206,.,8.53
100,Toolik,5,25-Jul-75,75206,.,6.69
100,Toolik,8,25-Jul-75,75206,.,7.03
100,Toolik,12,25-Jul-75,75206,.,2.35
100,Toolik,16,25-Jul-75,75206,.,0.87
100,Toolik,0,09-Aug-75,75221,.,23.35
100,Toolik,1,09-Aug-75,75221,.,36.46
100,Toolik,3,09-Aug-75,75221,.,22.09
100,Toolik,5,09-Aug-75,75221,.,17.78
100,Toolik,8,09-Aug-75,75221,.,.
100,Toolik,12,09-Aug-75,75221,.,1.91
100,Toolik,16,09-Aug-75,75221,.,0
100,Toolik,0,21-Aug-75,75233,.,11.77
100,Toolik,1,21-Aug-75,75233,.,9.4
100,Toolik,3,21-Aug-75,75233,.,8.51
100,Toolik,5,21-Aug-75,75233,.,10.77
100,Toolik,8,21-Aug-75,75233,.,7.095
100,Toolik,12,21-Aug-75,75233,.,3.42
100,Toolik,16,21-Aug-75,75233,.,0
100,Toolik,0,22-Jun-76,76174,.,26.12
100,Toolik,1,22-Jun-76,76174,.,18.21
100,Toolik,3,22-Jun-76,76174,.,18.48
100,Toolik,5,22-Jun-76,76174,.,5.39
100,Toolik,8,22-Jun-76,76174,.,1.66
100,Toolik,12,22-Jun-76,76174,.,.
100,Toolik,16,22-Jun-76,76174,.,.
100,Toolik,0,26-Jun-76,76178,.,9.015
100,Toolik,1,26-Jun-76,76178,.,20.397
100,Toolik,3,26-Jun-76,76178,.,10.76
100,Toolik,5,26-Jun-76,76178,.,3.94
100,Toolik,8,26-Jun-76,76178,.,2.0675
100,Toolik,12,26-Jun-76,76178,.,0.195
100,Toolik,16,26-Jun-76,76178,.,0.03
100,Toolik,0,02-Jul-76,76184,.,63.58
100,Toolik,1,02-Jul-76,76184,.,51.33
100,Toolik,3,02-Jul-76,76184,.,38.46
100,Toolik,5,02-Jul-76,76184,.,10.09
100,Toolik,8,02-Jul-76,76184,.,1.22
100,Toolik,12,02-Jul-76,76184,.,0.32
100,Toolik,16,02-Jul-76,76184,.,0.038
100,Toolik,0,03-Jul-76,76185,.,8.71
100,Toolik,1,03-Jul-76,76185,.,15.13
100,Toolik,3,03-Jul-76,76185,.,9.26
100,Toolik,5,03-Jul-76,76185,.,4.47
100,Toolik,8,03-Jul-76,76185,.,1.03
100,Toolik,12,03-Jul-76,76185,.,0.225
100,Toolik,16,03-Jul-76,76185,.,0.314
100,Toolik,0,09-Jul-76,76191,.,11.15
100,Toolik,1,09-Jul-76,76191,.,8.72
100,Toolik,3,09-Jul-76,76191,.,8.5
100,Toolik,5,09-Jul-76,76191,.,5.34
100,Toolik,8,09-Jul-76,76191,.,1.99
100,Toolik,12,09-Jul-76,76191,.,.
100,Toolik,16,09-Jul-76,76191,.,0.387
100,Toolik,0,18-Jul-76,76200,.,15.31
100,Toolik,1,18-Jul-76,76200,.,9.36
100,Toolik,3,18-Jul-76,76200,.,11.38
100,Toolik,5,18-Jul-76,76200,.,2.78
100,Toolik,8,18-Jul-76,76200,.,5.44
100,Toolik,12,18-Jul-76,76200,.,0.51
100,Toolik,16,18-Jul-76,76200,.,0.19
100,Toolik,0,23-Jul-76,76205,.,9.71
100,Toolik,1,23-Jul-76,76205,.,20.71
100,Toolik,3,23-Jul-76,76205,.,15.76
100,Toolik,5,23-Jul-76,76205,.,6.96
100,Toolik,8,23-Jul-76,76205,.,8.08
100,Toolik,12,23-Jul-76,76205,.,0.56
100,Toolik,16,23-Jul-76,76205,.,0.37
100,Toolik,0,06-Aug-76,76219,.,14.21
100,Toolik,1,06-Aug-76,76219,.,13.25
100,Toolik,3,06-Aug-76,76219,.,11.83
100,Toolik,5,06-Aug-76,76219,.,5.48
100,Toolik,8,06-Aug-76,76219,.,3.18
100,Toolik,12,06-Aug-76,76219,.,1.49
100,Toolik,16,06-Aug-76,76219,.,0.35
100,Toolik,0,13-Aug-76,76226,.,19.29
100,Toolik,1,13-Aug-76,76226,.,19.99
100,Toolik,3,13-Aug-76,76226,.,13.48
100,Toolik,5,13-Aug-76,76226,.,5.82
100,Toolik,8,13-Aug-76,76226,.,1.56
100,Toolik,12,13-Aug-76,76226,.,0.71
100,Toolik,16,13-Aug-76,76226,.,0.27
100,Toolik,0,22-May-77,77142,.,3.45
100,Toolik,1,22-May-77,77142,.,4.04
100,Toolik,3,22-May-77,77142,.,1.67
100,Toolik,5,22-May-77,77142,.,0.935
100,Toolik,8,22-May-77,77142,.,0
100,Toolik,12,22-May-77,77142,.,0.04
100,Toolik,16,22-May-77,77142,.,0.07
100,Toolik,0,29-May-77,77149,.,65.83
100,Toolik,1,29-May-77,77149,.,71.65
100,Toolik,3,29-May-77,77149,.,10.19
100,Toolik,5,29-May-77,77149,.,3.6
100,Toolik,8,29-May-77,77149,.,0.28
100,Toolik,12,29-May-77,77149,.,0.47
100,Toolik,16,29-May-77,77149,.,0
100,Toolik,0,05-Jun-77,77156,.,21.58
100,Toolik,1,05-Jun-77,77156,.,9.71
100,Toolik,3,05-Jun-77,77156,.,5.97
100,Toolik,5,05-Jun-77,77156,.,4.31
100,Toolik,8,05-Jun-77,77156,.,0.66
100,Toolik,12,05-Jun-77,77156,.,0.22
100,Toolik,16,05-Jun-77,77156,.,0.68
100,Toolik,0,10-Jun-77,77161,.,8.61
100,Toolik,1,10-Jun-77,77161,.,35.14
100,Toolik,3,10-Jun-77,77161,.,7.81
100,Toolik,5,10-Jun-77,77161,.,6.18
100,Toolik,8,10-Jun-77,77161,.,3.69
100,Toolik,12,10-Jun-77,77161,.,2.81
100,Toolik,16,10-Jun-77,77161,.,0
100,Toolik,0,18-Jun-77,77169,.,39.21
100,Toolik,1,18-Jun-77,77169,.,57.26
100,Toolik,3,18-Jun-77,77169,.,23.78
100,Toolik,5,18-Jun-77,77169,.,8.32
100,Toolik,8,18-Jun-77,77169,.,0.33
100,Toolik,12,18-Jun-77,77169,.,0.82
100,Toolik,16,18-Jun-77,77169,.,0.23
100,Toolik,0,24-Jun-77,77175,.,121.29
100,Toolik,1,24-Jun-77,77175,.,54.13
100,Toolik,3,24-Jun-77,77175,.,23.63
100,Toolik,5,24-Jun-77,77175,.,8.48
100,Toolik,8,24-Jun-77,77175,.,0.67
100,Toolik,12,24-Jun-77,77175,.,0.02
100,Toolik,16,24-Jun-77,77175,.,0
100,Toolik,0,30-Jun-77,77181,.,46.46
100,Toolik,1,30-Jun-77,77181,.,65.67
100,Toolik,3,30-Jun-77,77181,.,25.95
100,Toolik,5,30-Jun-77,77181,.,5.21
100,Toolik,8,30-Jun-77,77181,.,0.58
100,Toolik,12,30-Jun-77,77181,.,0.46
100,Toolik,16,30-Jun-77,77181,.,0
100,Toolik,0,07-Jul-77,77188,.,29.73
100,Toolik,1,07-Jul-77,77188,.,26.98
100,Toolik,3,07-Jul-77,77188,.,16.15
100,Toolik,5,07-Jul-77,77188,.,4.41
100,Toolik,8,07-Jul-77,77188,.,0.755
100,Toolik,12,07-Jul-77,77188,.,0.242
100,Toolik,16,07-Jul-77,77188,.,0.058
100,Toolik,0,14-Jul-77,77195,.,14.1
100,Toolik,1,14-Jul-77,77195,.,14.44
100,Toolik,3,14-Jul-77,77195,.,10.33
100,Toolik,5,14-Jul-77,77195,.,5.52
100,Toolik,8,14-Jul-77,77195,.,1.79
100,Toolik,12,14-Jul-77,77195,.,0.1
100,Toolik,16,14-Jul-77,77195,.,0.06
100,Toolik,0,21-Jul-77,77202,.,19.67
100,Toolik,1,21-Jul-77,77202,.,17.84
100,Toolik,3,21-Jul-77,77202,.,15.15
100,Toolik,5,21-Jul-77,77202,.,10.63
100,Toolik,8,21-Jul-77,77202,.,3.53
100,Toolik,12,21-Jul-77,77202,.,0.07
100,Toolik,16,21-Jul-77,77202,.,0.11
100,Toolik,0,28-Jul-77,77209,.,19.71
100,Toolik,1,28-Jul-77,77209,.,19.78
100,Toolik,3,28-Jul-77,77209,.,12.56
100,Toolik,5,28-Jul-77,77209,.,6.21
100,Toolik,8,28-Jul-77,77209,.,6.68
100,Toolik,12,28-Jul-77,77209,.,0.75
100,Toolik,16,28-Jul-77,77209,.,0
100,Toolik,0,04-Aug-77,77216,.,21.92
100,Toolik,1,04-Aug-77,77216,.,22.71
100,Toolik,3,04-Aug-77,77216,.,14.22
100,Toolik,5,04-Aug-77,77216,.,9
100,Toolik,8,04-Aug-77,77216,.,4.24
100,Toolik,12,04-Aug-77,77216,.,0.084
100,Toolik,16,04-Aug-77,77216,.,0.129
100,Toolik,0,11-Aug-77,77223,.,20.66
100,Toolik,1,11-Aug-77,77223,.,18.28
100,Toolik,3,11-Aug-77,77223,.,9.39
100,Toolik,5,11-Aug-77,77223,.,6.06
100,Toolik,8,11-Aug-77,77223,.,3.71
100,Toolik,12,11-Aug-77,77223,.,0.41
100,Toolik,16,11-Aug-77,77223,.,0.19
100,Toolik,0,18-Aug-77,77230,.,22.39
100,Toolik,1,18-Aug-77,77230,.,21.53
100,Toolik,3,18-Aug-77,77230,.,10.08
100,Toolik,5,18-Aug-77,77230,.,5.78
100,Toolik,8,18-Aug-77,77230,.,2.79
100,Toolik,12,18-Aug-77,77230,.,0.52
100,Toolik,16,18-Aug-77,77230,.,0
100,Toolik,0,20-May-78,78140,.,.
100,Toolik,1,20-May-78,78140,.,31.8
100,Toolik,3,20-May-78,78140,.,10.1
100,Toolik,5,20-May-78,78140,.,0.5
100,Toolik,8,20-May-78,78140,.,.
100,Toolik,12,20-May-78,78140,.,.
100,Toolik,16,20-May-78,78140,.,.
100,Toolik,0,04-Jun-78,78155,.,.
100,Toolik,1,04-Jun-78,78155,.,55.1
100,Toolik,3,04-Jun-78,78155,.,13.7
100,Toolik,5,04-Jun-78,78155,.,3.9
100,Toolik,8,04-Jun-78,78155,.,0.3
100,Toolik,12,04-Jun-78,78155,.,0.1
100,Toolik,16,04-Jun-78,78155,.,0
100,Toolik,0,04-Jul-78,78185,.,28.85
100,Toolik,1,04-Jul-78,78185,.,28.616
100,Toolik,3,04-Jul-78,78185,.,16.105
100,Toolik,5,04-Jul-78,78185,.,7.251
100,Toolik,8,04-Jul-78,78185,.,0.729
100,Toolik,12,04-Jul-78,78185,.,0
100,Toolik,16,04-Jul-78,78185,.,0.241
100,Toolik,0,12-Jul-78,78193,.,9.032
100,Toolik,1,12-Jul-78,78193,.,6.678
100,Toolik,3,12-Jul-78,78193,.,5.713
100,Toolik,5,12-Jul-78,78193,.,8.511
100,Toolik,8,12-Jul-78,78193,.,1.677
100,Toolik,12,12-Jul-78,78193,.,0.221
100,Toolik,16,12-Jul-78,78193,.,0.364
100,Toolik,0,20-Jul-78,78201,.,22.84
100,Toolik,1,20-Jul-78,78201,.,13.71
100,Toolik,3,20-Jul-78,78201,.,9.89
100,Toolik,5,20-Jul-78,78201,.,8.53
100,Toolik,8,20-Jul-78,78201,.,3.02
100,Toolik,12,20-Jul-78,78201,.,0.41
100,Toolik,16,20-Jul-78,78201,.,0.02
100,Toolik,0,27-Jul-78,78208,.,16.45
100,Toolik,1,27-Jul-78,78208,.,9.14
100,Toolik,3,27-Jul-78,78208,.,8.193
100,Toolik,5,27-Jul-78,78208,.,3.719
100,Toolik,8,27-Jul-78,78208,.,1.311
100,Toolik,12,27-Jul-78,78208,.,0.107
100,Toolik,16,27-Jul-78,78208,.,0.004
100,Toolik,0,30-Aug-78,78242,.,11.28
100,Toolik,1,30-Aug-78,78242,.,11.81
100,Toolik,3,30-Aug-78,78242,.,12.22
100,Toolik,5,30-Aug-78,78242,.,9.38
100,Toolik,8,30-Aug-78,78242,.,5.001
100,Toolik,12,30-Aug-78,78242,.,2.47
100,Toolik,16,30-Aug-78,78242,.,0.235
100,Toolik,0,01-Sep-78,78244,.,.
100,Toolik,1,01-Sep-78,78244,.,.
100,Toolik,3,01-Sep-78,78244,.,.
100,Toolik,5,01-Sep-78,78244,.,.
100,Toolik,8,01-Sep-78,78244,.,.
100,Toolik,12,01-Sep-78,78244,.,.
100,Toolik,16,01-Sep-78,78244,.,.
100,Toolik,0,14-Jun-79,79165,.,41.64
100,Toolik,1,14-Jun-79,79165,.,33.87
100,Toolik,2,14-Jun-79,79165,.,33.18
100,Toolik,3,14-Jun-79,79165,.,40.49
100,Toolik,5,14-Jun-79,79165,.,27.91
100,Toolik,8,14-Jun-79,79165,.,.
100,Toolik,12,14-Jun-79,79165,.,.
100,Toolik,16,14-Jun-79,79165,.,.
100,Toolik,0,20-Jun-79,79171,.,28.75
100,Toolik,1,20-Jun-79,79171,.,36.19
100,Toolik,2,20-Jun-79,79171,.,38.56
100,Toolik,3,20-Jun-79,79171,.,16.18
100,Toolik,5,20-Jun-79,79171,.,9.796
100,Toolik,8,20-Jun-79,79171,.,3.434
100,Toolik,12,20-Jun-79,79171,.,2.5
100,Toolik,16,20-Jun-79,79171,.,0.628
100,Toolik,0,27-Jun-79,79178,.,43.08
100,Toolik,1,27-Jun-79,79178,.,31.52
100,Toolik,3,27-Jun-79,79178,.,18.81
100,Toolik,5,27-Jun-79,79178,.,6.51
100,Toolik,8,27-Jun-79,79178,.,1.68
100,Toolik,12,27-Jun-79,79178,.,0.13
100,Toolik,16,27-Jun-79,79178,.,-0.547
100,Toolik,0,04-Jul-79,79185,.,22.52
100,Toolik,1,04-Jul-79,79185,.,18.31
100,Toolik,3,04-Jul-79,79185,.,5.8
100,Toolik,5,04-Jul-79,79185,.,6.66
100,Toolik,8,04-Jul-79,79185,.,1.88
100,Toolik,12,04-Jul-79,79185,.,0.678
100,Toolik,16,04-Jul-79,79185,.,3.92
100,Toolik,0,11-Jul-79,79192,.,30.86
100,Toolik,1,11-Jul-79,79192,.,21.65
100,Toolik,3,11-Jul-79,79192,.,19.32
100,Toolik,5,11-Jul-79,79192,.,6.47
100,Toolik,8,11-Jul-79,79192,.,4.09
100,Toolik,12,11-Jul-79,79192,.,0.68
100,Toolik,16,11-Jul-79,79192,.,0.36
100,Toolik,0,18-Jul-79,79199,.,34.09
100,Toolik,1,18-Jul-79,79199,.,25.1
100,Toolik,3,18-Jul-79,79199,.,8.82
100,Toolik,5,18-Jul-79,79199,.,4.87
100,Toolik,8,18-Jul-79,79199,.,1.47
100,Toolik,12,18-Jul-79,79199,.,0.138
100,Toolik,16,18-Jul-79,79199,.,0.0084
100,Toolik,0,25-Jul-79,79206,.,21.89
100,Toolik,1,25-Jul-79,79206,.,11.35
100,Toolik,3,25-Jul-79,79206,.,4.87
100,Toolik,5,25-Jul-79,79206,.,2.13
100,Toolik,8,25-Jul-79,79206,.,0.799
100,Toolik,12,25-Jul-79,79206,.,0.42
100,Toolik,16,25-Jul-79,79206,.,0.426
100,Toolik,0,31-Jul-79,79212,.,26.39
100,Toolik,1,31-Jul-79,79212,.,22.12
100,Toolik,3,31-Jul-79,79212,.,14.96
100,Toolik,5,31-Jul-79,79212,.,5.89
100,Toolik,8,31-Jul-79,79212,.,1.347
100,Toolik,12,31-Jul-79,79212,.,0.386
100,Toolik,16,31-Jul-79,79212,.,0.398
100,Toolik,0,05-Aug-79,79217,.,35.04
100,Toolik,1,05-Aug-79,79217,.,20.67
100,Toolik,3,05-Aug-79,79217,.,9
100,Toolik,5,05-Aug-79,79217,.,1.55
100,Toolik,8,05-Aug-79,79217,.,0.498
100,Toolik,12,05-Aug-79,79217,.,0.788
100,Toolik,16,05-Aug-79,79217,.,0.116
100,Toolik,0,13-Aug-79,79225,.,33.46
100,Toolik,1,13-Aug-79,79225,.,18.88
100,Toolik,3,13-Aug-79,79225,.,9.57
100,Toolik,5,13-Aug-79,79225,.,2.297
100,Toolik,8,13-Aug-79,79225,.,0.746
100,Toolik,12,13-Aug-79,79225,.,0.0091
100,Toolik,16,13-Aug-79,79225,.,0.299
100,Toolik,0,11-Jun-80,80163,.,270.03
100,Toolik,1,11-Jun-80,80163,.,18.02
100,Toolik,3,11-Jun-80,80163,.,8.68
100,Toolik,5,11-Jun-80,80163,.,5.27
100,Toolik,8,11-Jun-80,80163,.,0.476
100,Toolik,12,11-Jun-80,80163,.,0.264
100,Toolik,16,11-Jun-80,80163,.,0.552
100,Toolik,0,19-Jun-80,80171,.,89.72
100,Toolik,1,19-Jun-80,80171,.,17.72
100,Toolik,3,19-Jun-80,80171,.,13.46
100,Toolik,5,19-Jun-80,80171,.,13.78
100,Toolik,8,19-Jun-80,80171,.,1.41
100,Toolik,12,19-Jun-80,80171,.,0.464
100,Toolik,16,19-Jun-80,80171,.,0.097
100,Toolik,20,19-Jun-80,80171,.,.
100,Toolik,0,24-Jun-80,80176,.,92.27
100,Toolik,1,24-Jun-80,80176,.,77.52
100,Toolik,3,24-Jun-80,80176,.,49.64
100,Toolik,5,24-Jun-80,80176,.,6.75
100,Toolik,8,24-Jun-80,80176,.,1.23
100,Toolik,12,24-Jun-80,80176,.,0.33
100,Toolik,16,24-Jun-80,80176,.,0.89
100,Toolik,0,01-Jul-80,80183,.,7.65
100,Toolik,1,01-Jul-80,80183,.,19.53
100,Toolik,3,01-Jul-80,80183,.,17.41
100,Toolik,5,01-Jul-80,80183,.,7.55
100,Toolik,8,01-Jul-80,80183,.,2.33
100,Toolik,12,01-Jul-80,80183,.,0
100,Toolik,16,01-Jul-80,80183,.,0
100,Toolik,0,08-Jul-80,80190,.,26.6
100,Toolik,1,08-Jul-80,80190,.,34.76
100,Toolik,3,08-Jul-80,80190,.,8.94
100,Toolik,5,08-Jul-80,80190,.,5.35
100,Toolik,8,08-Jul-80,80190,.,2.56
100,Toolik,12,08-Jul-80,80190,.,0.45
100,Toolik,16,08-Jul-80,80190,.,0.85
100,Toolik,20,08-Jul-80,80190,.,1.197
100,Toolik,0,15-Jul-80,80197,.,43.87
100,Toolik,1,15-Jul-80,80197,.,36.91
100,Toolik,3,15-Jul-80,80197,.,22.09
100,Toolik,5,15-Jul-80,80197,.,5.099
100,Toolik,8,15-Jul-80,80197,.,3.5
100,Toolik,12,15-Jul-80,80197,.,0.749
100,Toolik,16,15-Jul-80,80197,.,0.58
100,Toolik,20,15-Jul-80,80197,.,0.112
100,Toolik,0,22-Jul-80,80204,.,33.1
100,Toolik,1,22-Jul-80,80204,.,23.9
100,Toolik,3,22-Jul-80,80204,.,8.22
100,Toolik,5,22-Jul-80,80204,.,2.75
100,Toolik,8,22-Jul-80,80204,.,2
100,Toolik,12,22-Jul-80,80204,.,0.16
100,Toolik,16,22-Jul-80,80204,.,0.77
100,Toolik,20,22-Jul-80,80204,.,3.23
100,Toolik,0,29-Jul-80,80211,.,21.28
100,Toolik,1,29-Jul-80,80211,.,24.54
100,Toolik,3,29-Jul-80,80211,.,11.99
100,Toolik,5,29-Jul-80,80211,.,3.878
100,Toolik,8,29-Jul-80,80211,.,1.24
100,Toolik,12,29-Jul-80,80211,.,0.32
100,Toolik,16,29-Jul-80,80211,.,0.17
100,Toolik,20,29-Jul-80,80211,.,0.03
100,Toolik,0,05-Aug-80,80218,.,.
100,Toolik,1,05-Aug-80,80218,.,.
100,Toolik,3,05-Aug-80,80218,.,.
100,Toolik,5,05-Aug-80,80218,.,.
100,Toolik,8,05-Aug-80,80218,.,.
100,Toolik,12,05-Aug-80,80218,.,.
100,Toolik,16,05-Aug-80,80218,.,.
100,Toolik,20,05-Aug-80,80218,.,.
100,Toolik,0,08-Aug-80,80221,.,31.12
100,Toolik,1,08-Aug-80,80221,.,22.96
100,Toolik,3,08-Aug-80,80221,.,9.14
100,Toolik,5,08-Aug-80,80221,.,3.124
100,Toolik,8,08-Aug-80,80221,.,1.739
100,Toolik,12,08-Aug-80,80221,.,2.17
100,Toolik,16,08-Aug-80,80221,.,1.39
100,Toolik,20,08-Aug-80,80221,.,0.922
100,Toolik,0,19-Aug-80,80232,.,25.25
100,Toolik,1,19-Aug-80,80232,.,23.19
100,Toolik,3,19-Aug-80,80232,.,12.69
100,Toolik,5,19-Aug-80,80232,.,4.39
100,Toolik,8,19-Aug-80,80232,.,1.01
100,Toolik,12,19-Aug-80,80232,.,0.159
100,Toolik,16,19-Aug-80,80232,.,0.404
100,Toolik,20,19-Aug-80,80232,.,0.064
100,Toolik,0,13-Jul-83,83194,.,21.019
100,Toolik,1,13-Jul-83,83194,.,11.39
100,Toolik,3,13-Jul-83,83194,.,5.166
100,Toolik,5,13-Jul-83,83194,.,0.406
100,Toolik,8,13-Jul-83,83194,.,1.519
100,Toolik,12,13-Jul-83,83194,.,0.294
100,Toolik,16,13-Jul-83,83194,.,0.198
100,Toolik,0,18-Jul-83,83199,.,25.082
100,Toolik,1,18-Jul-83,83199,.,3.6
100,Toolik,3,18-Jul-83,83199,.,4
100,Toolik,5,18-Jul-83,83199,.,2.11
100,Toolik,8,18-Jul-83,83199,.,2.91
100,Toolik,12,18-Jul-83,83199,.,0.85
100,Toolik,16,18-Jul-83,83199,.,0.125
100,Toolik,0,25-Jul-83,83206,.,14.409
100,Toolik,1,25-Jul-83,83206,.,7.924
100,Toolik,3,25-Jul-83,83206,.,5.112
100,Toolik,5,25-Jul-83,83206,.,7.547
100,Toolik,8,25-Jul-83,83206,.,4.055
100,Toolik,12,25-Jul-83,83206,.,1.2897
100,Toolik,16,25-Jul-83,83206,.,2.467
100,Toolik,0,01-Aug-83,83213,.,9.665
100,Toolik,1,01-Aug-83,83213,.,4.723
100,Toolik,3,01-Aug-83,83213,.,4.57
100,Toolik,5,01-Aug-83,83213,.,2.925
100,Toolik,8,01-Aug-83,83213,.,1.658
100,Toolik,12,01-Aug-83,83213,.,0.342
100,Toolik,16,01-Aug-83,83213,.,0.768
100,Toolik,0,08-Aug-83,83220,.,17.78
100,Toolik,1,08-Aug-83,83220,.,12.46
100,Toolik,3,08-Aug-83,83220,.,8.6
100,Toolik,5,08-Aug-83,83220,.,5.56
100,Toolik,8,08-Aug-83,83220,.,2.649
100,Toolik,12,08-Aug-83,83220,.,6.501
100,Toolik,16,08-Aug-83,83220,.,0
100,Toolik,0,02-Jul-84,84184,.,15.208
100,Toolik,1,02-Jul-84,84184,.,17.037
100,Toolik,3,02-Jul-84,84184,.,9.712
100,Toolik,5,02-Jul-84,84184,.,9.943
100,Toolik,8,02-Jul-84,84184,.,5.314
100,Toolik,12,02-Jul-84,84184,.,0.688
100,Toolik,16,02-Jul-84,84184,.,1.828
100,Toolik,0,09-Jul-84,84191,.,21.34
100,Toolik,1,09-Jul-84,84191,.,17.568
100,Toolik,3,09-Jul-84,84191,.,9.251
100,Toolik,5,09-Jul-84,84191,.,4.4047
100,Toolik,8,09-Jul-84,84191,.,4.8276
100,Toolik,12,09-Jul-84,84191,.,0.7522
100,Toolik,16,09-Jul-84,84191,.,0
100,Toolik,0,16-Jul-84,84198,.,22.8358
100,Toolik,1,16-Jul-84,84198,.,17.12
100,Toolik,3,16-Jul-84,84198,.,10.909
100,Toolik,5,16-Jul-84,84198,.,9.079
100,Toolik,8,16-Jul-84,84198,.,4.8906
100,Toolik,12,16-Jul-84,84198,.,0.7003
100,Toolik,16,16-Jul-84,84198,.,0.245
100,Toolik,0,23-Jul-84,84205,.,12.752
100,Toolik,1,23-Jul-84,84205,.,17.567
100,Toolik,3,23-Jul-84,84205,.,11.239
100,Toolik,5,23-Jul-84,84205,.,5.03
100,Toolik,8,23-Jul-84,84205,.,5.2233
100,Toolik,12,23-Jul-84,84205,.,0
100,Toolik,16,23-Jul-84,84205,.,1.379
100,Toolik,0,30-Jul-84,84212,.,11.598
100,Toolik,1,30-Jul-84,84212,.,16.1019
100,Toolik,3,30-Jul-84,84212,.,10.143
100,Toolik,5,30-Jul-84,84212,.,4.697
100,Toolik,8,30-Jul-84,84212,.,3.7498
100,Toolik,12,30-Jul-84,84212,.,0.0499
100,Toolik,16,30-Jul-84,84212,.,0.9628
100,Toolik,0,06-Aug-84,84219,.,24.19
100,Toolik,1,06-Aug-84,84219,.,19.3999
100,Toolik,3,06-Aug-84,84219,.,15.917
100,Toolik,5,06-Aug-84,84219,.,8.053
100,Toolik,8,06-Aug-84,84219,.,1.161
100,Toolik,12,06-Aug-84,84219,.,0.259
100,Toolik,16,06-Aug-84,84219,.,0.07319
100,Toolik,0,12-Aug-84,84225,.,14.437
100,Toolik,1,12-Aug-84,84225,.,14.168
100,Toolik,3,12-Aug-84,84225,.,11.091
100,Toolik,5,12-Aug-84,84225,.,5.8593
100,Toolik,8,12-Aug-84,84225,.,0.7068
100,Toolik,12,12-Aug-84,84225,.,2.462
100,Toolik,16,12-Aug-84,84225,.,0
100,Toolik,0,26-Jun-85,85177,.,.
100,Toolik,1,26-Jun-85,85177,.,.
100,Toolik,3,26-Jun-85,85177,.,.
100,Toolik,5,26-Jun-85,85177,.,.
100,Toolik,8,26-Jun-85,85177,.,.
100,Toolik,12,26-Jun-85,85177,.,.
100,Toolik,16,26-Jun-85,85177,.,.
100,Toolik,0,01-Jul-85,85182,.,37.8958
100,Toolik,1,01-Jul-85,85182,.,44.2339
100,Toolik,3,01-Jul-85,85182,.,24.7547
100,Toolik,5,01-Jul-85,85182,.,5.847
100,Toolik,8,01-Jul-85,85182,.,0
100,Toolik,12,01-Jul-85,85182,.,0.13222
100,Toolik,16,01-Jul-85,85182,.,0.11411
100,Toolik,0,03-Jul-85,85184,.,.
100,Toolik,1,03-Jul-85,85184,.,.
100,Toolik,3,03-Jul-85,85184,.,.
100,Toolik,5,03-Jul-85,85184,.,.
100,Toolik,8,03-Jul-85,85184,.,.
100,Toolik,12,03-Jul-85,85184,.,.
100,Toolik,16,03-Jul-85,85184,.,.
100,Toolik,0,10-Jul-85,85191,.,.
100,Toolik,1,10-Jul-85,85191,.,.
100,Toolik,3,10-Jul-85,85191,.,.
100,Toolik,5,10-Jul-85,85191,.,.
100,Toolik,8,10-Jul-85,85191,.,.
100,Toolik,12,10-Jul-85,85191,.,.
100,Toolik,16,10-Jul-85,85191,.,.
100,Toolik,0,12-Jul-85,85193,1.135618,20.247
100,Toolik,1,12-Jul-85,85193,1.101125,13.5482
100,Toolik,3,12-Jul-85,85193,1.162151,17.9045
100,Toolik,5,12-Jul-85,85193,2.653314,11.3972
100,Toolik,8,12-Jul-85,85193,1.061325,3.351
100,Toolik,12,12-Jul-85,85193,0.459023,0.3407
100,Toolik,16,12-Jul-85,85193,0.358197,0.7569
100,Toolik,0,16-Jul-85,85197,.,.
100,Toolik,0,16-Jul-85,85197,.,.
100,Toolik,1,16-Jul-85,85197,.,.
100,Toolik,1,16-Jul-85,85197,.,.
100,Toolik,3,16-Jul-85,85197,.,.
100,Toolik,3,16-Jul-85,85197,.,.
100,Toolik,5,16-Jul-85,85197,.,.
100,Toolik,5,16-Jul-85,85197,0.684555,11.0785
100,Toolik,8,16-Jul-85,85197,1.167458,11.2016
100,Toolik,8,16-Jul-85,85197,1.087859,9.6233
100,Toolik,12,16-Jul-85,85197,0.39269,1.62615
100,Toolik,12,16-Jul-85,85197,0.379424,1.8809
100,Toolik,16,16-Jul-85,85197,0.809261,0.25249
100,Toolik,16,16-Jul-85,85197,0.756194,0
100,Toolik,0,23-Jul-85,85204,.,.
100,Toolik,1,23-Jul-85,85204,.,.
100,Toolik,3,23-Jul-85,85204,.,.
100,Toolik,5,23-Jul-85,85204,.,.
100,Toolik,8,23-Jul-85,85204,.,.
100,Toolik,12,23-Jul-85,85204,.,.
100,Toolik,16,23-Jul-85,85204,.,.
100,Toolik,0,26-Jul-85,85207,1.525655,16.3811
100,Toolik,1,26-Jul-85,85207,1.17188,16.6285
100,Toolik,3,26-Jul-85,85207,1.503544,11.7169
100,Toolik,5,26-Jul-85,85207,1.63621,6.5432
100,Toolik,8,26-Jul-85,85207,1.945763,2.3296
100,Toolik,12,26-Jul-85,85207,0.663328,0.5507
100,Toolik,16,26-Jul-85,85207,0.663328,0
100,Toolik,0,30-Jul-85,85211,.,.
100,Toolik,1,30-Jul-85,85211,.,.
100,Toolik,3,30-Jul-85,85211,.,.
100,Toolik,5,30-Jul-85,85211,.,.
100,Toolik,8,30-Jul-85,85211,.,.
100,Toolik,12,30-Jul-85,85211,.,.
100,Toolik,16,30-Jul-85,85211,.,.
100,Toolik,0,02-Aug-85,85214,0.40463,16.393
100,Toolik,1,02-Aug-85,85214,0.829161,11.5558
100,Toolik,3,02-Aug-85,85214,1.048059,7.8846
100,Toolik,5,02-Aug-85,85214,0.915393,4.1412
100,Toolik,8,02-Aug-85,85214,1.525655,1.408
100,Toolik,12,02-Aug-85,85214,0.623529,0
100,Toolik,16,02-Aug-85,85214,0.331664,0.4376
100,Toolik,0,06-Aug-85,85218,.,.
100,Toolik,1,06-Aug-85,85218,.,.
100,Toolik,3,06-Aug-85,85218,.,.
100,Toolik,5,06-Aug-85,85218,.,.
100,Toolik,8,06-Aug-85,85218,.,.
100,Toolik,12,06-Aug-85,85218,.,.
100,Toolik,16,06-Aug-85,85218,.,.
100,Toolik,0,26-Jun-86,86177,3.066446,32.627
100,Toolik,1,26-Jun-86,86177,5.529761,33.157
100,Toolik,3,26-Jun-86,86177,5.015513,22.393
100,Toolik,5,26-Jun-86,86177,4.050503,9.158
100,Toolik,8,26-Jun-86,86177,4.539356,0.541
100,Toolik,12,26-Jun-86,86177,3.015656,0.4959
100,Toolik,16,26-Jun-86,86177,2.666475,0.3028
100,Toolik,0,02-Jul-86,86183,4.036732,7.253
100,Toolik,1,02-Jul-86,86183,3.771694,65.062
100,Toolik,3,02-Jul-86,86183,4.920192,40.788
100,Toolik,5,02-Jul-86,86183,5.810448,14.775
100,Toolik,8,02-Jul-86,86183,2.215445,2.356
100,Toolik,12,02-Jul-86,86183,2.528054,1.0274
100,Toolik,16,02-Jul-86,86183,1.393148,0.5033
100,Toolik,0,10-Jul-86,86191,2.227101,35.14
100,Toolik,1,10-Jul-86,86191,2.686227,32.64
100,Toolik,3,10-Jul-86,86191,2.357301,13.68
100,Toolik,5,10-Jul-86,86191,5.290222,10.14
100,Toolik,8,10-Jul-86,86191,2.138017,2.977
100,Toolik,12,10-Jul-86,86191,0.986777,0.15
100,Toolik,16,10-Jul-86,86191,0.650999,0
100,Toolik,0,16-Jul-86,86197,2.006268,19.39
100,Toolik,1,16-Jul-86,86197,1.418525,29.16
100,Toolik,3,16-Jul-86,86197,1.879982,11.47
100,Toolik,5,16-Jul-86,86197,3.612235,14.13
100,Toolik,8,16-Jul-86,86197,5.384994,8.022
100,Toolik,12,16-Jul-86,86197,1.164366,1.037
100,Toolik,16,16-Jul-86,86197,0.994397,1.7807
100,Toolik,0,23-Jul-86,86204,.,20.078
100,Toolik,1,23-Jul-86,86204,.,18.77
100,Toolik,3,23-Jul-86,86204,.,13.436
100,Toolik,5,23-Jul-86,86204,.,2.843
100,Toolik,8,23-Jul-86,86204,.,5.934
100,Toolik,12,23-Jul-86,86204,.,0.804
100,Toolik,16,23-Jul-86,86204,.,0.667
100,Toolik,0,30-Jul-86,86211,.,25.777
100,Toolik,1,30-Jul-86,86211,.,13.789
100,Toolik,3,30-Jul-86,86211,.,13.6217
100,Toolik,5,30-Jul-86,86211,.,4.4813
100,Toolik,8,30-Jul-86,86211,.,2.372
100,Toolik,12,30-Jul-86,86211,.,0.3576
100,Toolik,16,30-Jul-86,86211,.,0
100,Toolik,0,06-Aug-86,86218,2.01467,17.665
100,Toolik,1,06-Aug-86,86218,2.096901,5.457
100,Toolik,3,06-Aug-86,86218,1.965331,16.519
100,Toolik,5,06-Aug-86,86218,2.080455,11.224
100,Toolik,8,06-Aug-86,86218,3.248141,1.297
100,Toolik,12,06-Aug-86,86218,1.480166,0.903
100,Toolik,16,06-Aug-86,86218,1.118347,0.139
100,Toolik,0,06-Jun-87,87157,.,.
100,Toolik,1,06-Jun-87,87157,.,.
100,Toolik,3,06-Jun-87,87157,.,.
100,Toolik,5,06-Jun-87,87157,.,.
100,Toolik,8,06-Jun-87,87157,.,.
100,Toolik,12,06-Jun-87,87157,.,.
100,Toolik,16,06-Jun-87,87157,.,.
100,Toolik,0,09-Jun-87,87160,.,.
100,Toolik,1,09-Jun-87,87160,.,.
100,Toolik,3,09-Jun-87,87160,.,.
100,Toolik,5,09-Jun-87,87160,.,.
100,Toolik,8,09-Jun-87,87160,.,.
100,Toolik,12,09-Jun-87,87160,.,.
100,Toolik,16,09-Jun-87,87160,.,.
100,Toolik,0,06-Jul-87,87187,1.686027,17.078
100,Toolik,1,06-Jul-87,87187,1.517329,19.792
100,Toolik,3,06-Jul-87,87187,1.5545,14.65
100,Toolik,5,06-Jul-87,87187,1.365787,14.268
100,Toolik,8,06-Jul-87,87187,1.788644,5.139
100,Toolik,12,06-Jul-87,87187,1.167543,0
100,Toolik,16,06-Jul-87,87187,0.970252,0
100,Toolik,0,13-Jul-87,87194,1.686027,25.602
100,Toolik,1,13-Jul-87,87194,1.517329,27.615
100,Toolik,3,13-Jul-87,87194,1.5545,17.009
100,Toolik,5,13-Jul-87,87194,1.365787,10.228
100,Toolik,8,13-Jul-87,87194,1.788644,5.862
100,Toolik,12,13-Jul-87,87194,1.167543,0.991
100,Toolik,16,13-Jul-87,87194,0.970252,0.03
100,Toolik,0,19-Jul-87,87200,0.568998,26.159
100,Toolik,1,19-Jul-87,87200,0.856834,18.753
100,Toolik,3,19-Jul-87,87200,0.637621,12.784
100,Toolik,5,19-Jul-87,87200,0.733884,9.484
100,Toolik,8,19-Jul-87,87200,1.527813,5.138
100,Toolik,12,19-Jul-87,87200,1.238072,0.432
100,Toolik,16,19-Jul-87,87200,0.520391,0
100,Toolik,0,27-Jul-87,87208,0.474642,29.838
100,Toolik,1,27-Jul-87,87208,0.611888,21.327
100,Toolik,3,27-Jul-87,87208,0.477501,16.058
100,Toolik,5,27-Jul-87,87208,0.577576,8.38
100,Toolik,8,27-Jul-87,87208,0.990744,5.863
100,Toolik,12,27-Jul-87,87208,0.526109,0
100,Toolik,16,27-Jul-87,87208,0.367419,0.744
100,Toolik,0,03-Aug-87,87215,1.334335,18.138
100,Toolik,1,03-Aug-87,87215,1.353397,16.382
100,Toolik,3,03-Aug-87,87215,1.362928,14.058
100,Toolik,5,03-Aug-87,87215,1.477299,3.79
100,Toolik,8,03-Aug-87,87215,1.200901,2.037
100,Toolik,12,03-Aug-87,87215,1.43441,0
100,Toolik,16,03-Aug-87,87215,0.862552,3.759
100,Toolik,0,09-Aug-87,87221,.,20.048
100,Toolik,1,09-Aug-87,87221,.,16.899
100,Toolik,3,09-Aug-87,87221,.,15.134
100,Toolik,5,09-Aug-87,87221,.,7.053
100,Toolik,8,09-Aug-87,87221,.,2
100,Toolik,12,09-Aug-87,87221,.,0
100,Toolik,16,09-Aug-87,87221,.,0
100,Toolik,0,29-Jun-88,88181,0.444675,.
100,Toolik,1,29-Jun-88,88181,0.825825,2.39
100,Toolik,3,29-Jun-88,88181,2.477475,8.27
100,Toolik,5,29-Jun-88,88181,2.92215,6.51
100,Toolik,8,29-Jun-88,88181,2.731575,1.72
100,Toolik,12,29-Jun-88,88181,2.7951,0
100,Toolik,16,29-Jun-88,88181,2.33772,0
100,Toolik,0,02-Jul-88,88184,1.67442,8.41
100,Toolik,1,02-Jul-88,88184,1.6225,7.68
100,Toolik,3,02-Jul-88,88184,1.92104,4.71
100,Toolik,5,02-Jul-88,88184,1.90806,4.17
100,Toolik,8,02-Jul-88,88184,6.50298,4.47
100,Toolik,12,02-Jul-88,88184,3.81612,0
100,Toolik,16,02-Jul-88,88184,1.63548,2.43
100,Toolik,0,06-Jul-88,88188,1.150731,15.77
100,Toolik,1,06-Jul-88,88188,1.059196,16.01
100,Toolik,3,06-Jul-88,88188,1.072272,12.14
100,Toolik,5,06-Jul-88,88188,1.75225,9.49
100,Toolik,8,06-Jul-88,88188,8.983549,6.01
100,Toolik,12,06-Jul-88,88188,6.041339,1.51
100,Toolik,16,06-Jul-88,88188,2.144545,0.29
100,Toolik,0,11-Jul-88,88193,1.5246,.
100,Toolik,0,11-Jul-88,88193,1.76176,.
100,Toolik,1,11-Jul-88,88193,1.66012,.
100,Toolik,1,11-Jul-88,88193,2.06668,.
100,Toolik,3,11-Jul-88,88193,5.99676,.
100,Toolik,3,11-Jul-88,88193,4.235,.
100,Toolik,5,11-Jul-88,88193,5.28528,.
100,Toolik,5,11-Jul-88,88193,.,10.21
100,Toolik,8,11-Jul-88,88193,.,10.38
100,Toolik,8,11-Jul-88,88193,.,7.77
100,Toolik,12,11-Jul-88,88193,.,5.76
100,Toolik,12,11-Jul-88,88193,.,5.33
100,Toolik,16,11-Jul-88,88193,.,0.74
100,Toolik,16,11-Jul-88,88193,.,0.62
100,Toolik,0,27-Jul-88,88209,0.136791,6.08
100,Toolik,1,27-Jul-88,88209,0.67881,3.66
100,Toolik,3,27-Jul-88,88209,0.958562,2.59
100,Toolik,5,27-Jul-88,88209,8.92738,2.47
100,Toolik,8,27-Jul-88,88209,1.60446,1.88
100,Toolik,12,27-Jul-88,88209,0.139876,0
100,Toolik,16,27-Jul-88,88209,0.839256,0
100,Toolik,0,03-Aug-88,88216,2.002147,13.74
100,Toolik,1,03-Aug-88,88216,1.755307,16.79
100,Toolik,3,03-Aug-88,88216,1.426187,12.03
100,Toolik,5,03-Aug-88,88216,1.19306,13.27
100,Toolik,8,03-Aug-88,88216,1.35762,7.34
100,Toolik,12,03-Aug-88,88216,1.60446,0
100,Toolik,16,03-Aug-88,88216,1.535893,9.16
100,Toolik,0,10-Aug-88,88223,1.070965,20.49
100,Toolik,1,10-Aug-88,88223,0.858858,13.05
100,Toolik,3,10-Aug-88,88223,0.844949,11.56
100,Toolik,5,10-Aug-88,88223,1.196142,2.67
100,Toolik,8,10-Aug-88,88223,1.582107,12.45
100,Toolik,12,10-Aug-88,88223,1.356092,9.43
100,Toolik,16,10-Aug-88,88223,1.137031,0